{
  "project_info": {
    "project_number": "22208759374",
    "firebase_url": "https://users-4c749.firebaseio.com",
    "project_id": "users-4c749",
    "storage_bucket": "users-4c749.appspot.com"
  },
  "client": [
    {
      "client_info": {
        "mobilesdk_app_id": "1:22208759374:android:6b5515b739f98fe2a7251f",
        "android_client_info": {
          "package_name": "id.ndiappink.abc"
        }
      },
      "oauth_client": [
        {
          "client_id": "22208759374-p9lhsjjqrk1gko6oamvjoj71ipqsfnlc.apps.googleusercontent.com",
          "client_type": 3
        }
      ],
      "api_key": [
        {
          "current_key": "AIzaSyDzFqDdeSqMU8LFsshFsae7qB5ZFC_nOb0"
        }
      ],
      "services": {
        "appinvite_service": {
          "other_platform_oauth_client": [
            {
              "client_id": "22208759374-p9lhsjjqrk1gko6oamvjoj71ipqsfnlc.apps.googleusercontent.com",
              "client_type": 3
            }
          ]
        }
      }
    }
  ],
  "configuration_version": "1"
}